{
  "seed": 10,
  "config": {
    "seeds": [
      1,
      2,
      3,
      4,
      5,
      6,
      7,
      8,
      9,
      10
    ],
    "out_dir": "./runs_mnist_liminal_anchor_early_then_decay_lambda0_1_all_step_original_aux",
    "batch_size": 1024,
    "num_workers": 0,
    "audit_size": 10000,
    "noise_dataset_size": 60000,
    "hidden_dim": 256,
    "aux_m": 3,
    "teacher_epochs": 5,
    "student_epochs": 5,
    "lr_teacher": 0.0003,
    "lr_student": 0.0003,
    "metrics_every_n_steps": 1,
    "audit_batches_for_trait": 10,
    "eps": 1e-12,
    "anchor_mode": "aux",
    "anchor_T": 2.0,
    "lambda0": 1.0,
    "anchor_schedule": "original",
    "anchor_warmup_epochs": 1,
    "anchor_decay_to_zero": true
  },
  "teacher_info": {
    "teacher_test_acc": 0.9303
  },
  "control_info": {
    "student_test_acc": 0.1048,
    "total_steps": 295,
    "num_logged_rows": 295
  },
  "intervention_info": {
    "student_test_acc": 0.1047,
    "total_steps": 295,
    "num_logged_rows": 295
  },
  "created_at_utc": "2026-02-04T10:03:59Z",
  "device": "cpu"
}