{
  "seed": 4,
  "config": {
    "seeds": [
      1,
      2,
      3,
      4,
      5,
      6,
      7,
      8,
      9,
      10
    ],
    "out_dir": "./runs_mnist_subliminal",
    "batch_size": 1024,
    "num_workers": 0,
    "audit_size": 10000,
    "noise_dataset_size": 60000,
    "hidden_dim": 256,
    "aux_m": 3,
    "teacher_epochs": 5,
    "student_epochs": 5,
    "lr_teacher": 0.0003,
    "lr_student": 0.0003,
    "metrics_every_n_steps": 1,
    "audit_batches_for_grad": null
  },
  "teacher_info": {
    "teacher_test_acc": 0.9291
  },
  "student_info": {
    "student_test_acc": 0.1962,
    "total_steps": 295,
    "num_logged_rows": 295
  },
  "created_at_utc": "2026-01-18T15:57:51Z",
  "device": "cpu"
}