{
  "seed": 9,
  "config": {
    "seeds": [
      1,
      2,
      3,
      4,
      5,
      6,
      7,
      8,
      9,
      10
    ],
    "out_dir": "./runs_mnist_conflicting_grad",
    "batch_size": 1024,
    "num_workers": 0,
    "audit_size": 10000,
    "noise_dataset_size": 60000,
    "hidden_dim": 256,
    "aux_m": 3,
    "teacher_epochs": 5,
    "student_epochs": 5,
    "lr_teacher": 0.0003,
    "lr_student": 0.0003,
    "metrics_every_n_steps": 10,
    "audit_batches_for_trait": 1,
    "eps": 1e-12
  },
  "teacher_info": {
    "teacher_test_acc": 0.9305
  },
  "control_info": {
    "student_test_acc": 0.3538,
    "total_steps": 295,
    "num_logged_rows": 30,
    "projected_steps": 0,
    "projected_fraction": 0.0
  },
  "intervention_info": {
    "student_test_acc": 0.0892,
    "total_steps": 295,
    "num_logged_rows": 30,
    "projected_steps": 145,
    "projected_fraction": 0.4915254237288136
  },
  "created_at_utc": "2026-01-18T19:57:59Z",
  "device": "cpu"
}